kind,fanout,hops,edges,kernel,write_bulk_ms,write_edges_per_s,write_us_per_edge,write_sample_count,write_p50_us,write_p95_us,write_p99_us,build_ms,supernode_degree_cold_us,supernode_exists_cold_us,supernode_page_cold_us,cold_us,warm_us,hot_p50_us,hot_p95_us,hot_p99_us,hot_mean_us,hot_qps,hot_result_vertices_per_s,hot_edge_visits_per_s,result_vertices,edge_visits,delta_records,cold_cache_hydrations,warm_cache_hits,warm_cache_misses
traversal,50,1,600,SuiteSparseGraphBlas,105,5677.49,176.13,32,101160,102091,102209,223,554,1,2,1821,1853,12,41,41,16.57,58682.49,2934124.71,2934124.71,50,50,0,2,14,2
traversal,50,3,600,SuiteSparseGraphBlas,105,5677.49,176.13,32,101160,102091,102209,223,554,1,2,2074,2280,24,64,64,30.00,32700.04,4905006.38,4905006.38,150,150,0,2,14,2
traversal,50,5,600,SuiteSparseGraphBlas,105,5677.49,176.13,32,101160,102091,102209,223,554,1,2,1822,1830,34,72,72,40.14,24561.32,6140329.33,6140329.33,250,250,0,2,14,2
traversal,50,10,600,SuiteSparseGraphBlas,105,5677.49,176.13,32,101160,102091,102209,223,554,1,2,1815,2721,62,113,113,69.43,14307.03,7153514.42,7153514.42,500,500,0,2,14,2
traversal,50,12,600,SuiteSparseGraphBlas,105,5677.49,176.13,32,101160,102091,102209,223,554,1,2,2119,1784,73,105,105,77.57,12800.37,7680224.70,7680224.70,600,600,0,2,14,2
traversal,100,1,1200,SuiteSparseGraphBlas,108,11040.22,90.58,32,100916,101866,101875,200,498,1,2,1974,1883,33,90,90,37.86,25973.83,2597383.32,2597383.32,100,100,0,2,14,2
traversal,100,3,1200,SuiteSparseGraphBlas,108,11040.22,90.58,32,100916,101866,101875,200,498,1,2,1994,2414,29,101,101,39.71,24797.55,7439263.73,7439263.73,300,300,0,2,14,2
traversal,100,5,1200,SuiteSparseGraphBlas,108,11040.22,90.58,32,100916,101866,101875,200,498,1,2,1989,2307,64,139,139,72.57,13668.32,6834162.22,6834162.22,500,500,0,2,14,2
traversal,100,10,1200,SuiteSparseGraphBlas,108,11040.22,90.58,32,100916,101866,101875,200,498,1,2,1915,2533,79,120,120,85.00,11676.42,11676416.47,11676416.47,1000,1000,0,2,14,2
traversal,100,12,1200,SuiteSparseGraphBlas,108,11040.22,90.58,32,100916,101866,101875,200,498,1,2,2328,2667,184,303,303,190.71,5223.97,6268768.99,6268768.99,1200,1200,0,2,14,2
traversal,1000,1,12000,SuiteSparseGraphBlas,316,37874.45,26.40,32,100914,101786,101842,202,874,3,7,3593,3329,43,139,139,53.43,18519.06,18519057.43,18519057.43,1000,1000,0,2,14,2
traversal,1000,3,12000,SuiteSparseGraphBlas,316,37874.45,26.40,32,100914,101786,101842,202,874,3,7,3317,3775,149,211,211,151.86,6560.96,19682880.67,19682880.67,3000,3000,0,2,14,2
traversal,1000,5,12000,SuiteSparseGraphBlas,316,37874.45,26.40,32,100914,101786,101842,202,874,3,7,3605,4339,203,327,327,228.14,4372.45,21862265.23,21862265.23,5000,5000,0,2,14,2
traversal,1000,10,12000,SuiteSparseGraphBlas,316,37874.45,26.40,32,100914,101786,101842,202,874,3,7,3464,4039,395,474,474,410.71,2430.29,24302914.30,24302914.30,10000,10000,0,2,14,2
traversal,1000,12,12000,SuiteSparseGraphBlas,316,37874.45,26.40,32,100914,101786,101842,202,874,3,7,3713,4111,477,546,546,492.43,2028.36,24340368.76,24340368.76,12000,12000,0,2,14,2
traversal,10000,1,120000,SuiteSparseGraphBlas,5208,23038.38,43.41,32,100938,101901,101983,643,976,6730,15,17290,16045,480,498,498,418.86,2382.25,23822537.07,23822537.07,10000,10000,0,2,14,2
traversal,10000,3,120000,SuiteSparseGraphBlas,5208,23038.38,43.41,32,100938,101901,101983,643,976,6730,15,16939,16683,1095,2010,2010,1217.00,821.24,24637318.15,24637318.15,30000,30000,0,2,14,2
traversal,10000,5,120000,SuiteSparseGraphBlas,5208,23038.38,43.41,32,100938,101901,101983,643,976,6730,15,18933,18659,1967,2890,2890,2113.57,472.91,23645446.93,23645446.93,50000,50000,0,2,14,2
traversal,10000,10,120000,SuiteSparseGraphBlas,5208,23038.38,43.41,32,100938,101901,101983,643,976,6730,15,21240,23031,4451,7070,7070,4705.71,212.47,21247017.18,21247017.18,100000,100000,0,2,14,2
traversal,10000,12,120000,SuiteSparseGraphBlas,5208,23038.38,43.41,32,100938,101901,101983,643,976,6730,15,23055,20322,4947,5833,5833,5104.00,195.89,23506784.02,23506784.02,120000,120000,0,2,14,2
traversal,50000,1,600000,SuiteSparseGraphBlas,70860,8467.33,118.10,32,101029,104292,105053,9455,1547,53943,23,107617,103958,2375,5599,5599,3226.29,309.86,15493129.95,15493129.95,50000,50000,0,2,14,2
traversal,50000,3,600000,SuiteSparseGraphBlas,70215,8545.14,117.03,32,100956,101747,101812,9280,1303,43419,19,178406,172109,10976,26966,26966,12786.43,78.20,11730346.42,11730346.42,150000,150000,0,2,14,2
traversal,50000,5,600000,SuiteSparseGraphBlas,68010,8822.21,113.35,32,100982,102102,102638,7974,1324,42991,17,97263,122043,12848,25230,25230,15188.29,65.84,16459161.63,16459161.63,250000,250000,0,2,14,2
traversal,50000,10,600000,SuiteSparseGraphBlas,62175,9650.08,103.63,32,101043,102931,103060,6677,1399,42448,21,155201,206481,33183,41111,41111,30821.57,32.44,16221756.27,16221756.27,500000,500000,0,2,14,2
traversal,50000,12,600000,SuiteSparseGraphBlas,80482,7455.06,134.14,32,100982,102063,102189,8527,1085,35375,17,150727,115698,35867,86785,86785,43238.86,23.13,13876050.38,13876050.38,600000,600000,0,2,14,2
